,City,City ID,Cloudiness,Country,Date,Humidity,Lat,Lng,Max Temp,Wind Speed
0,Jaru,3925040,100,BR,1580072502,85,-10.44,-62.47,83.19,1.36
1,Qaanaaq,3831208,4,GL,1580072504,56,77.48,-69.36,-10.25,5.14
2,Rikitea,4030556,0,PF,1580072533,79,-23.12,-134.97,78.87,13.2
3,Hamilton,4513583,90,US,1580072508,78,39.18,-84.53,43.0,8.05
4,Voh,2137748,69,NC,1580072510,77,-20.97,164.7,77.81,7.81
5,Bengkulu,1649150,70,ID,1580072512,88,-3.8,102.27,74.55,3.36
6,Cherskiy,2126199,100,RU,1580072236,88,68.75,161.3,-20.2,2.13
7,Fortuna,5563839,40,US,1580072544,76,40.6,-124.16,57.99,9.17
8,Tasiilaq,3424607,100,GL,1580072546,47,65.61,-37.64,32.0,10.29
9,Guerrero Negro,4021858,0,MX,1580072548,57,27.98,-114.06,69.04,10.45
10,Katherine,2068655,24,AU,1580072550,78,-14.47,132.27,80.6,5.82
11,Cidreira,3466165,0,BR,1580072597,77,-30.18,-50.21,78.26,10.83
12,Iquique,3887127,0,CL,1580072506,58,-20.22,-70.14,82.4,18.34
13,Khatanga,2022572,93,RU,1580072599,98,71.97,102.5,-21.46,1.03
14,Leh,1264976,0,IN,1580072600,71,34.17,77.58,-12.64,5.61
15,Fergus Falls,5026416,75,US,1580072602,92,46.28,-96.08,28.4,3.94
16,Jamestown,5122534,90,US,1580072603,92,42.1,-79.24,35.01,9.17
17,Oussouye,2246901,91,SN,1580072604,33,12.48,-16.55,86.0,2.24
18,Kysyl-Syr,2021017,100,RU,1580072605,94,63.9,122.76,-25.94,11.41
19,Upernavik,3418910,98,GL,1580072606,94,72.79,-56.15,-15.92,2.33
20,Ilulissat,3423146,91,GL,1580072608,60,69.22,-51.1,10.4,8.05
21,Comodoro Rivadavia,3860443,0,AR,1580072597,26,-45.87,-67.5,69.8,17.22
22,Mthatha,946058,100,ZA,1580072610,76,-31.59,28.78,57.2,6.93
23,Tres Arroyos,3833859,66,AR,1580072548,47,-38.37,-60.28,69.75,22.1
24,Punta Arenas,3874787,20,CL,1580072612,47,-53.15,-70.92,57.2,28.86
25,Hilo,5855927,1,US,1580072614,57,19.73,-155.09,82.99,4.7
26,Ulladulla,2145554,90,AU,1580072615,88,-35.35,150.47,69.01,4.7
27,Avarua,4035715,100,CK,1580072616,88,-21.21,-159.78,78.8,11.41
28,Butaritari,2110227,100,KI,1580072617,81,3.07,172.79,82.83,16.6
29,Bredasdorp,1015776,56,ZA,1580072618,72,-34.53,20.04,59.0,4.7
30,Nikolskoye,546105,75,RU,1580072620,85,59.7,30.79,32.0,6.71
31,Busselton,2075265,0,AU,1580072621,44,-33.65,115.33,66.99,11.36
32,Ambilobe,1082243,100,MG,1580072622,92,-13.2,49.05,75.34,4.45
33,Yangi Marg`ilon,1513491,75,UZ,1580072623,80,40.43,71.72,37.4,2.24
34,Ushuaia,3833367,75,AR,1580072461,76,-54.8,-68.3,50.0,27.51
35,Fort Morgan,5577158,1,US,1580072475,20,40.25,-103.8,55.4,4.7
36,Auki,2109701,99,SB,1580072627,75,-8.77,160.7,84.2,8.46
37,Mirny,2019951,75,RU,1580072629,100,62.54,113.96,12.2,13.42
38,Vaini,4032243,40,TO,1580072630,88,-21.2,-175.2,80.6,5.82
39,Huasahuasi,3939123,100,PE,1580072632,79,-11.32,-75.62,50.68,8.08
40,Havre-Saint-Pierre,5972291,90,CA,1580072633,92,50.23,-63.6,26.6,14.99
41,Wahpeton,5062355,75,US,1580072634,92,46.27,-96.61,27.0,2.33
42,Arraial do Cabo,3471451,0,BR,1580072635,69,-22.97,-42.03,80.6,12.75
43,Kaitangata,2208248,100,NZ,1580072636,71,-46.28,169.85,64.99,5.1
44,Puerto Ayora,3652764,75,EC,1580072638,83,-0.74,-90.35,78.8,2.24
45,Petropavlovsk-Kamchatsky,2122104,75,RU,1580072639,92,53.05,158.65,21.2,4.47
46,Ustye,477846,92,RU,1580072640,96,59.63,39.74,22.12,8.7
47,Mataura,6201424,100,NZ,1580072641,87,-46.19,168.86,60.01,5.01
48,Dudinka,1507116,40,RU,1580072643,84,69.41,86.18,1.4,13.42
49,Khani,610864,60,GE,1580072644,72,41.96,42.96,32.0,6.93
50,Kruisfontein,986717,0,ZA,1580072645,79,-34.0,24.73,57.56,13.24
51,Lebu,3883457,6,CL,1580072646,50,-37.62,-73.65,68.9,12.35
52,Namatanai,2090021,6,PG,1580072647,75,-3.67,152.43,83.68,10.31
53,Port Shepstone,964406,100,ZA,1580072649,86,-30.74,30.45,63.03,15.5
54,Tomatlan,3981391,0,MX,1580072650,32,19.93,-105.25,86.88,4.36
55,Chokurdakh,2126123,100,RU,1580072651,97,70.63,147.92,-23.1,5.64
56,Port Moresby,2088122,75,PG,1580072652,100,-9.44,147.18,75.2,9.17
57,Bandarbeyla,64814,25,SO,1580072653,79,9.49,50.81,78.51,28.21
58,Foca,314903,40,TR,1580072655,71,38.67,26.76,57.2,8.05
59,East London,1006984,43,ZA,1580072657,60,-33.02,27.91,68.0,25.9
60,Pastavy,623760,88,BY,1580072658,88,55.12,26.83,33.87,10.42
61,Bluff,2206939,98,NZ,1580072660,87,-46.6,168.33,60.01,5.01
62,San Quintin,3984997,67,MX,1580072386,79,30.48,-115.95,59.23,13.35
63,Constitucion,3893726,31,CL,1580072663,64,-35.33,-72.42,69.6,13.78
64,Clyde River,5924351,90,CA,1580072664,75,70.47,-68.59,-20.2,13.87
65,Ucluelet,6171633,90,CA,1580072566,93,48.93,-125.55,50.0,13.87
66,Yellowknife,6185377,90,CA,1580072486,84,62.46,-114.35,5.0,13.87
67,George Town,1735106,20,MY,1580072668,83,5.41,100.34,80.6,3.36
68,Azare,2348595,0,NG,1580072669,20,11.68,10.19,67.03,10.67
69,Alexandria,361058,20,EG,1580072379,76,31.22,29.96,53.6,2.24
70,Kananga,214481,100,CD,1580072671,88,-5.9,22.42,72.84,1.9
71,Vanimo,2084442,100,PG,1580072673,80,-2.67,141.3,82.63,13.94
72,Lata,2738381,20,PT,1580072674,81,40.16,-8.33,54.0,5.82
73,Kapaa,5848280,40,US,1580072446,88,22.08,-159.32,78.8,10.29
74,Thompson,6165406,20,CA,1580072676,84,55.74,-97.86,6.8,2.73
75,Alofi,4036284,75,NU,1580072677,83,-19.06,-169.92,82.4,5.82
76,Albany,5106841,90,US,1580072678,76,42.6,-73.97,41.0,6.93
77,Faya,110690,0,SA,1580072680,34,18.39,42.45,48.2,5.82
78,Andenes,3163146,100,NO,1580072681,62,69.31,16.12,21.2,23.04
79,Margate,2643044,75,GB,1580072682,93,51.38,1.39,50.0,13.87
80,Esperance,2071860,90,AU,1580072683,93,-33.87,121.9,60.8,6.93
81,Atuona,4020109,0,PF,1580072684,76,-9.8,-139.03,80.2,13.78
82,Poum,2138555,0,NC,1580072686,80,-20.23,164.02,79.3,23.8
83,Pevek,2122090,100,RU,1580072687,88,69.7,170.31,-3.3,2.44
84,New Norfolk,2155415,90,AU,1580072688,51,-42.78,147.06,59.0,8.05
85,Torbay,6167817,90,CA,1580072691,63,47.67,-52.73,30.99,5.82
86,Acapulco de Juarez,3533462,5,MX,1580072692,66,16.86,-99.89,84.2,6.93
87,Bairiki Village,7601762,75,KI,1580072695,79,1.33,172.98,84.2,3.36
88,Provideniya,4031574,13,RU,1580072698,70,64.38,-173.3,-5.8,2.24
89,Saldanha,3361934,0,ZA,1580072699,63,-33.01,17.94,60.8,8.05
90,Ponta do Sol,2264557,20,PT,1580072700,67,32.67,-17.1,60.8,5.82
91,Souillac,933995,40,MU,1580072701,83,-20.52,57.52,77.0,11.41
92,Cabo San Lucas,3985710,75,MX,1580072556,73,22.89,-109.91,77.0,4.7
93,Port Elizabeth,964420,4,ZA,1580072705,67,-33.92,25.57,62.6,17.22
94,Keti Bandar,1174451,0,PK,1580072706,79,24.14,67.45,69.44,9.82
95,Williams Lake,6182212,20,CA,1580072707,69,52.14,-122.14,37.4,23.04
96,Sao Lourenco do Sul,3448596,20,BR,1580072423,55,-31.37,-51.98,89.6,13.87
97,Luan,2659977,40,CH,1580072711,74,46.36,6.98,39.99,1.12
98,Qasigiannguit,3420768,91,GL,1580072712,60,68.82,-51.19,10.4,8.05
99,Hailar,2037078,0,CN,1580072713,92,49.2,119.7,2.25,7.47
100,Healdsburg,5356012,1,US,1580072714,72,38.61,-122.87,63.0,13.87
101,Kamsack,5989068,90,CA,1580072716,92,51.57,-101.9,17.6,8.05
102,Port Keats,2063039,69,AU,1580072717,87,-14.25,129.55,83.03,9.1
103,Hoquiam,5797693,90,US,1580072718,93,46.98,-123.89,54.0,18.34
104,Hobart,2163355,90,AU,1580072695,51,-42.88,147.33,59.0,8.05
105,Severo-Kuril'sk,2121385,100,RU,1580072722,92,50.68,156.12,19.06,13.2
106,Hermanus,3366880,85,ZA,1580072723,91,-34.42,19.23,60.01,7.78
107,Luderitz,3355672,36,NA,1580072724,52,-26.65,15.16,68.0,24.16
108,Mar del Plata,3430863,68,AR,1580072556,54,-38.0,-57.56,78.8,10.29
109,Dikson,1507390,100,RU,1580072726,96,73.51,80.55,-2.99,4.05
110,Tuktoyaktuk,6170031,75,CA,1580072585,74,69.45,-133.04,-22.0,6.93
111,Hasaki,2112802,75,JP,1580072729,74,35.73,140.83,37.4,6.93
112,Avera,4231997,90,US,1580072716,35,33.19,-82.53,60.8,6.93
113,Brainerd,5019116,90,US,1580072594,92,46.36,-94.2,26.01,2.24
114,Ballina,2177069,40,AU,1580072732,94,-28.87,153.57,75.99,6.51
115,Barrow,5880054,1,US,1580072734,74,71.29,-156.79,-23.8,9.17
116,Katsuura,2112309,75,JP,1580072737,64,35.13,140.3,43.0,12.75
117,Ailigandi,3714956,4,PA,1580072738,68,9.23,-78.02,80.82,7.4
118,Tete,1026014,71,MZ,1580072740,83,-16.16,33.59,73.49,2.68
119,Mysliborz,3091253,100,PL,1580072741,93,52.92,14.87,32.0,5.21
120,Palenque,3522164,5,MX,1580072743,62,17.52,-91.97,87.8,5.3
121,Cape Town,3369157,20,ZA,1580072624,72,-33.93,18.42,63.0,6.93
122,Flin Flon,5954718,90,CA,1580072746,79,54.77,-101.86,21.2,1.88
123,Christchurch,2192362,32,NZ,1580072718,93,-43.53,172.63,70.0,2.24
124,Iqaluit,5983720,20,CA,1580072748,60,63.75,-68.51,-27.0,13.87
125,Juan Lacaze,3442206,40,UY,1580072494,38,-34.43,-57.44,87.8,12.75
126,Balabac,1728675,40,PH,1580072750,81,7.99,117.06,79.61,4.63
127,Mount Gambier,2156643,40,AU,1580072752,93,-37.83,140.77,50.0,1.12
128,Zyryanka,2119283,100,RU,1580072753,97,65.75,150.85,-29.06,1.92
129,Ahwa,1279213,0,IN,1580072754,34,20.75,73.68,68.5,2.24
130,Talnakh,1490256,40,RU,1580072755,84,69.49,88.4,1.4,13.42
131,Shimoda,1852357,100,JP,1580072758,67,34.67,138.95,42.01,3.0
132,Port-Cartier,6111696,90,CA,1580072759,92,50.03,-66.87,26.01,9.17
133,Warner Robins,4229476,75,US,1580072562,46,32.62,-83.6,60.01,5.82
134,Port-Gentil,2396518,40,GA,1580072761,94,-0.72,8.78,80.6,5.82
135,Airai,1651810,32,TL,1580072762,92,-8.93,125.41,67.48,2.13
136,Raudeberg,3146487,75,NO,1580072765,81,61.99,5.14,48.2,23.04
137,Saint-Philippe,935215,90,RE,1580072766,78,-21.36,55.77,75.2,8.05
138,Honningsvag,779554,90,NO,1580072767,79,70.98,25.97,23.0,26.4
139,Paamiut,3421193,100,GL,1580072584,67,61.99,-49.67,17.06,20.22
140,High Level,5975004,40,CA,1580072770,100,58.52,-117.14,14.0,5.82
141,Kaoma,913323,12,ZM,1580072771,88,-14.78,24.8,65.55,4.23
142,Beysehir,321191,80,TR,1580072772,60,37.68,31.72,31.42,1.03
143,Port Alfred,964432,28,ZA,1580072774,79,-33.59,26.89,63.0,7.0
144,Geraldton,2070998,33,AU,1580072775,93,-28.77,114.6,62.6,1.12
145,Hong Kong,1819729,40,HK,1580072702,76,22.29,114.16,55.0,13.87
146,Strai,3131178,75,NO,1580072778,93,58.2,7.9,45.0,17.22
147,Mossamedes,3347019,0,AO,1580072779,77,-15.2,12.15,75.06,8.3
148,Tall Kayf,303750,0,TR,1580072780,74,37.08,41.07,33.8,8.05
149,Gerash,133595,0,IR,1580072781,87,27.67,54.14,44.6,3.83
150,Chui,3443061,64,UY,1580072784,65,-33.7,-53.46,79.88,9.13
151,Castro,3466704,0,BR,1580072785,48,-24.79,-50.01,79.25,0.81
152,Kursk,538560,75,RU,1580072786,69,51.73,36.19,35.6,20.13
153,Asau,686090,0,RO,1580072788,69,46.43,26.4,34.0,5.82
154,Weihe,7372400,99,CN,1580072789,89,33.0,105.32,27.48,1.81
155,Dalvik,2632287,100,IS,1580072790,92,65.97,-18.53,26.6,14.99
156,Lyngdal,3146684,75,NO,1580072791,93,58.14,7.07,45.0,17.22
157,Teguise,2510573,20,ES,1580072792,67,29.06,-13.56,62.6,6.93
158,Port Blair,1259385,89,IN,1580072534,63,11.67,92.75,77.2,10.78
159,Shatsk,495532,100,RU,1580072795,94,54.03,41.71,28.4,18.68
160,Sitka,5557293,90,US,1580072796,81,57.05,-135.33,42.8,8.05
161,Xapuri,3924674,40,BR,1580072797,56,-10.65,-68.5,95.0,10.29
162,Jalu,86049,75,LY,1580072798,35,29.03,21.55,56.08,7.74
163,Coyhaique,3894426,1,CL,1580072800,34,-45.58,-72.07,66.2,11.41
164,Pangody,1495626,75,RU,1580072801,99,65.85,74.49,-7.62,4.47
165,Maumere,1635815,32,ID,1580072802,84,-8.62,122.21,78.01,3.29
166,Nizhniy Kuranakh,2019135,99,RU,1580072803,95,58.84,125.49,9.5,5.93
167,Kieta,2094027,100,PG,1580072804,77,-6.22,155.63,80.65,5.5
168,Cap Malheureux,934649,40,MU,1580072806,83,-19.98,57.61,77.0,11.41
169,Naze,1855540,75,JP,1580072807,100,28.37,129.48,69.8,13.87
170,Mildura,2157698,0,AU,1580072809,63,-34.2,142.15,64.0,9.17
171,Sao Filipe,3374210,0,CV,1580072812,66,14.9,-24.5,73.83,12.91
172,Kharan,1174062,12,PK,1580072813,60,28.58,65.42,54.45,13.96
173,Ostrovnoy,556268,77,RU,1580072814,98,68.05,39.51,-0.85,11.36
174,Bambous Virieux,1106677,40,MU,1580072815,83,-20.34,57.76,77.0,11.41
175,Nemuro,2128975,30,JP,1580072816,74,43.32,145.57,24.31,15.79
176,Nizhniy Odes,520552,100,RU,1580072818,98,63.64,54.86,-5.49,3.2
177,Lavrentiya,4031637,0,RU,1580072819,87,65.58,-171.0,-15.68,1.3
178,Orange,5379524,90,US,1580072550,67,33.7,-117.77,63.0,5.01
179,Lompoc,5367788,40,US,1580072822,72,34.64,-120.46,64.99,10.29
180,Tiznit,2527087,0,MA,1580072823,76,29.58,-9.5,49.62,3.78
181,Ngunguru,2186111,4,NZ,1580072824,80,-35.62,174.5,71.01,3.0
182,Sibu,1735902,75,MY,1580072825,100,2.3,111.82,77.0,1.12
183,Sur,286245,0,OM,1580072826,49,22.57,59.53,64.13,14.63
184,Mackay,2159220,75,AU,1580072794,100,-21.15,149.2,80.01,5.82
185,Port Hardy,6111862,75,CA,1580072829,81,50.7,-127.42,48.2,8.05
186,Catuday,1717787,73,PH,1580072830,79,16.29,119.81,78.3,15.08
187,Vila Franca do Campo,3372472,40,PT,1580072831,88,37.72,-25.43,62.6,12.75
188,Novovasylivka,699061,0,UA,1580072832,86,46.83,35.75,31.84,3.2
189,Carnarvon,2074865,0,AU,1580072834,88,-24.87,113.63,77.0,11.41
190,Bataipora,3470338,48,BR,1580072835,56,-22.3,-53.27,87.82,2.62
191,Meulaboh,1214488,100,ID,1580072836,84,4.14,96.13,81.34,5.93
192,Guaratinga,3461860,40,BR,1580072837,66,-16.57,-39.57,84.2,6.93
193,Kaohsiung,1673820,40,TW,1580072838,82,22.62,120.31,64.4,13.87
194,Nantucket,4944903,1,US,1580072840,75,41.28,-70.1,44.6,16.11
195,Lianzhou,1803841,55,CN,1580072841,86,24.78,112.38,36.75,7.38
196,Kidal,2455290,100,ML,1580072845,8,18.44,1.41,74.16,8.95
197,Xining,1788852,0,CN,1580072846,82,36.62,101.77,7.72,4.12
198,Antsohihy,1068971,100,MG,1580072847,95,-14.88,47.99,74.46,4.85
199,Vangaindrano,1054329,32,MG,1580072849,85,-23.35,47.6,68.25,1.95
200,Hervey Bay,2146219,75,AU,1580072850,94,-25.3,152.85,77.0,6.93
201,Chippewa Falls,5248511,90,US,1580072403,79,44.94,-91.39,28.4,5.82
202,Bahia Blanca,3865086,22,AR,1580072852,42,-38.72,-62.27,70.83,24.74
203,Daru,2098329,63,PG,1580072853,91,-9.08,143.21,76.26,3.0
204,Birao,240210,0,CF,1580072855,18,10.28,22.79,65.55,10.2
205,Valparaiso,3868626,2,CL,1580072739,53,-33.04,-71.63,77.0,8.05
206,Quang Ngai,1568770,100,VN,1580072857,84,15.12,108.8,71.42,15.68
207,Saint George,5546220,1,US,1580072858,35,37.1,-113.58,57.2,3.51
208,Takoradze,2294915,49,GH,1580072859,73,4.88,-1.76,78.35,4.0
209,Gushikawa,1863495,90,JP,1580072861,94,26.35,127.87,73.4,14.99
210,Celje,3202781,90,SI,1580072862,100,46.23,15.26,42.01,5.82
211,Pisco,3932145,48,PE,1580072620,30,-13.7,-76.22,73.99,21.92
212,La Rochelle,3006787,75,FR,1580072864,81,46.17,-1.15,51.8,13.87
213,Iskilip,745076,0,TR,1580072867,70,40.74,34.47,31.41,1.3
214,Santa Cruz de la Sierra,3904906,40,BO,1580072868,44,-17.8,-63.17,96.8,13.87
215,Preobrazheniye,2017658,2,RU,1580072869,50,42.9,133.91,18.86,5.95
216,Laas,3175096,81,IT,1580072871,85,46.62,10.7,32.0,1.12
217,Karatau,1519938,100,KZ,1580072873,86,43.17,70.47,24.44,7.94
218,Labuhan,8079926,32,ID,1580072874,90,-6.88,112.21,74.91,2.35
219,Basco,1726449,44,PH,1580072876,72,20.45,121.97,76.6,20.31
220,Singapore,1880252,75,SG,1580072711,83,1.29,103.85,80.6,6.93
221,Makakilo City,5850554,75,US,1580072878,69,21.35,-158.09,80.6,8.05
222,North Platte,5697939,90,US,1580072881,37,41.12,-100.77,53.6,12.75
223,Aripuana,3665202,100,BR,1580072882,80,-9.17,-60.63,83.82,2.82
224,Kodiak,5866583,90,US,1580072883,66,57.79,-152.41,15.8,6.93
225,Banjar,1650232,20,ID,1580072884,83,-8.19,114.97,82.4,3.36
226,Launceston,2160517,100,AU,1580072690,71,-41.45,147.17,55.99,9.17
227,Aklavik,5882953,75,CA,1580072887,68,68.22,-135.01,-18.4,9.17
228,Akniste,461566,100,LV,1580072888,87,56.16,25.75,35.8,10.85
229,Leningradskiy,2123814,100,RU,1580072889,94,69.38,178.42,-8.77,13.76
230,Sibundoy,3668078,75,CO,1580072890,68,1.2,-76.92,71.6,9.17
231,Barabai,1650064,41,ID,1580072892,92,-2.58,115.38,72.07,1.7
232,Bathsheba,3374083,40,BB,1580072893,65,13.22,-59.52,82.4,9.17
233,Lokosovo,1500399,98,RU,1580072894,95,61.13,74.82,6.28,7.76
234,Svetlaya,2015852,0,RU,1580072895,67,46.54,138.33,12.87,9.24
235,Tabou,2281120,38,CI,1580072896,90,4.42,-7.35,78.75,2.3
236,Alghero,3183284,13,IT,1580072898,100,40.56,8.32,46.4,2.24
237,Bethel,5282297,90,US,1580072821,52,41.37,-73.41,45.0,3.36
238,Isaka,159045,100,TZ,1580072900,90,-3.9,32.93,68.36,2.46
239,Iralaya,3608828,40,HN,1580072901,74,15.0,-83.23,82.4,8.05
240,Hualmay,3939761,47,PE,1580072903,56,-11.1,-77.61,79.43,11.25
241,Turan,1583992,75,VN,1580072904,73,16.07,108.22,69.8,4.7
242,Ancud,3899695,40,CL,1580072905,59,-41.87,-73.82,64.4,5.82
243,Monte Alegre,3394605,99,BR,1580072906,55,-2.01,-54.07,89.1,3.27
244,Oranjemund,3354071,0,NA,1580072907,68,-28.55,16.43,62.22,21.56
245,Kavieng,2094342,0,PG,1580072908,74,-2.57,150.8,83.16,5.46
246,Ardrishaig,2657126,38,GB,1580072910,80,56.02,-5.45,39.2,13.87
247,Vila Velha,3445026,40,BR,1580072747,78,-20.33,-40.29,80.01,8.05
248,Nanortalik,3421765,100,GL,1580072912,70,60.14,-45.24,22.42,14.45
249,Mandalgovi,2030065,0,MN,1580072913,63,45.76,106.27,11.61,8.95
250,Cockburn Town,3576994,25,TC,1580072915,75,21.46,-71.14,75.47,12.06
251,Ciudad Lazaro Cardenas,4026082,51,MX,1580072917,55,17.96,-102.2,82.11,9.24
252,Padang,1633419,96,ID,1580072918,96,-0.95,100.35,68.36,3.02
253,Kadyy,554502,100,RU,1580072919,95,57.79,43.19,24.28,6.69
254,Frydlant,3076124,100,CZ,1580072921,86,50.92,15.08,33.01,3.0
255,Halifax,6324729,90,CA,1580072723,100,44.65,-63.57,46.0,19.46
256,Winnemucca,5710360,90,US,1580072793,75,40.97,-117.74,46.4,10.29
257,Nizhnevartovsk,1497543,75,RU,1580072924,84,60.93,76.55,3.2,11.18
258,Westport,4845585,20,US,1580072793,45,41.14,-73.36,46.99,10.29
259,Hithadhoo,1282256,100,MV,1580072762,77,-0.6,73.08,80.83,3.56
260,Saint-Augustin,6137462,100,CA,1580072928,94,51.23,-58.65,25.61,9.78
261,Fairbanks,5861897,100,US,1580072702,74,64.84,-147.72,-11.99,3.27
262,Bereda,3105522,40,ES,1580072930,87,43.27,-7.54,57.0,16.11
263,Kallithea,261414,20,GR,1580072931,93,37.95,23.7,55.0,5.79
264,Kapiri Mposhi,913029,92,ZM,1580072932,94,-13.97,28.68,64.92,3.31
265,Bozeman,5641727,75,US,1580072934,65,45.68,-111.04,41.0,13.87
266,Pereira,3672486,40,CO,1580072936,61,4.81,-75.7,82.4,5.82
267,Banyo,2234794,0,CM,1580072937,23,6.75,11.82,65.91,4.29
268,Yulara,6355222,0,AU,1580072938,24,-25.24,130.99,71.6,5.82
269,Nishihara,1855342,90,JP,1580072940,94,26.18,127.76,73.4,14.99
270,Abonnema,2324433,99,NG,1580072941,69,4.71,6.79,73.4,8.41
271,Ferme-Neuve,5952330,100,CA,1580072942,98,46.7,-75.45,32.16,4.54
272,Merauke,2082539,69,ID,1580072945,96,-8.47,140.33,75.99,5.14
273,Pacific Grove,5380437,90,US,1580072946,82,36.62,-121.92,62.6,8.05
274,Kimbe,2093967,100,PG,1580072947,92,-5.55,150.14,76.68,2.89
275,La Romana,3500957,75,DO,1580072925,88,18.43,-68.97,80.6,9.17
276,Aykhal,2027296,90,RU,1580072949,82,66.0,111.5,-23.8,6.71
277,Cururupu,3401148,100,BR,1580072951,93,-1.83,-44.87,78.55,2.75
278,Ribeira Grande,3372707,75,PT,1580072952,88,38.52,-28.7,62.6,14.99
279,Maxixe,1039536,12,MZ,1580072953,75,-23.86,35.35,80.6,14.54
280,Praia,3374333,0,CV,1580072954,69,14.92,-23.51,73.4,17.22
281,Rocha,3440777,67,UY,1580072955,72,-34.48,-54.33,77.41,7.52
282,Dunedin,2191562,100,NZ,1580072760,71,-45.87,170.5,64.99,6.53
283,Zhigansk,2012530,0,RU,1580072958,63,66.77,123.37,-30.53,2.95
284,Korem,332746,78,ET,1580072959,88,12.51,39.52,51.89,2.75
285,Deputatsky,2028164,67,RU,1580072960,87,69.3,139.9,-34.4,2.8
286,Provincia di Lecce,3174952,75,IT,1580072961,87,40.22,18.17,57.0,2.24
287,Kalakamati,933390,63,BW,1580072962,47,-20.59,27.31,76.95,4.18
288,Abu Dhabi,292968,40,AE,1580072881,59,24.47,54.37,64.4,14.99
289,Ondjiva,3346821,62,AO,1580072965,72,-17.07,15.73,72.84,4.56
290,Konosha,545353,100,RU,1580072966,94,60.97,40.26,14.85,7.4
291,La Primavera,3678000,38,CO,1580072967,32,5.49,-70.41,95.68,7.47
292,Vanavara,2013727,82,RU,1580072970,97,60.34,102.28,0.28,5.88
293,Chapais,5919850,90,CA,1580072971,92,49.78,-74.85,28.4,5.82
294,Lakes Entrance,2160735,0,AU,1580072972,73,-37.88,147.98,66.99,1.99
295,Mahebourg,934322,40,MU,1580072975,83,-20.41,57.7,77.0,11.41
296,Agadez,2448083,100,NE,1580072976,11,19.75,10.25,62.46,4.41
297,Verkhniy Baskunchak,475196,30,RU,1580072978,87,48.23,46.72,28.53,10.4
298,Juneau,5554072,90,US,1580072979,100,58.3,-134.42,39.99,3.36
299,Longyearbyen,2729907,0,SJ,1580072782,77,78.22,15.64,1.4,1.12
300,College,5859699,90,US,1580072982,67,64.86,-147.8,-11.99,2.57
301,Ishigaki,1861416,10,JP,1580072983,81,24.34,124.16,67.15,31.59
302,Matara,1235846,97,LK,1580072984,84,5.95,80.54,71.94,5.48
303,Te Anau,2181625,49,NZ,1580072907,86,-45.42,167.72,57.65,5.5
304,Jalna,1269395,0,IN,1580072764,42,19.83,75.88,66.97,5.35
305,Gari,1506676,93,RU,1580072988,99,59.43,62.35,-3.33,6.24
306,Pemba,1028918,75,MZ,1580072989,100,-12.97,40.52,75.2,9.17
307,Port Hedland,2063042,0,AU,1580072991,89,-20.32,118.57,84.2,5.82
308,Russell,4047434,90,US,1580072993,53,32.35,-85.2,55.4,3.83
309,Yar-Sale,1486321,94,RU,1580072994,99,66.83,70.83,-9.17,1.59
310,Masinigudi,1263418,100,IN,1580072995,48,11.57,76.67,59.79,2.37
311,Husavik,2629833,100,IS,1580072996,92,66.04,-17.34,26.6,14.99
312,Itarema,3393692,100,BR,1580072997,81,-2.92,-39.92,80.89,5.93
313,Tagusao,1684245,41,PH,1580072999,91,9.19,117.81,73.67,3.33
314,Cabedelo,3404558,40,BR,1580073000,70,-6.98,-34.83,84.2,10.29
315,Alice Springs,2077895,24,AU,1580072845,22,-23.7,133.88,69.8,4.7
316,Atambua,1651103,26,ID,1580072905,88,-9.11,124.89,75.67,2.53
317,Grindavik,3416888,75,IS,1580073003,81,63.84,-22.43,35.6,18.34
318,Millinocket,4972220,90,US,1580073005,93,45.66,-68.71,37.99,2.26
319,Thinadhoo,1337610,100,MV,1580072944,78,0.53,72.93,81.45,8.28
320,Soe,1626703,46,ID,1580073009,89,-9.86,124.28,75.47,3.56
321,Beringovskiy,2126710,100,RU,1580073011,87,63.05,179.32,15.22,3.96
322,Sisimiut,3419842,100,GL,1580072937,96,66.94,-53.67,3.11,5.68
323,Bath,2656173,75,GB,1580073014,93,51.38,-2.36,46.0,4.7
324,Selenduma,2017063,98,RU,1580073017,85,50.91,106.24,-0.04,0.85
325,Tambacounda,2244991,99,SN,1580073018,11,13.75,-13.76,89.6,4.7
326,Zheleznogorsk-Ilimskiy,2012557,58,RU,1580073020,91,56.58,104.12,9.27,3.33
327,Gigmoto,1712961,45,PH,1580073021,76,13.78,124.39,79.63,4.85
328,Khovd,1516048,13,MN,1580073023,68,48.01,91.64,7.86,1.28
329,San Patricio,3985168,40,MX,1580073024,70,19.22,-104.7,87.8,11.41
330,Taganak,1684606,20,PH,1580073025,94,6.08,118.3,78.8,5.66
331,Moosomin,6078359,94,CA,1580073026,95,50.13,-101.67,16.45,6.29
332,Port Lincoln,2063036,84,AU,1580073028,78,-34.73,135.87,62.55,5.66
333,Sattahip,1606386,20,TH,1580073030,74,12.67,100.9,87.01,5.82
334,Yermolayevo,467246,100,RU,1580073031,95,52.72,55.8,14.11,8.3
335,Neiafu,4032420,75,TO,1580073033,83,-18.65,-173.98,77.0,4.54
336,Araouane,2460954,100,ML,1580073034,8,18.9,-3.53,77.34,5.77
337,Sirte,2210554,0,LY,1580073035,30,31.21,16.59,60.69,7.72
338,Beloha,1067565,9,MG,1580072826,68,-25.17,45.05,72.0,8.81
339,Evensk,2125693,100,RU,1580073037,80,61.95,159.23,13.01,11.27
340,Biltine,244878,0,TD,1580072889,15,14.53,20.92,63.1,10.76
341,Martapura,1636022,90,ID,1580072772,100,-3.42,114.85,77.0,3.36
342,Cairns,2172797,40,AU,1580073042,94,-16.92,145.77,79.0,3.36
343,Nome,5870133,1,US,1580072880,49,64.5,-165.41,-2.2,13.87
344,Guaruja,3461789,0,BR,1580072927,58,-23.99,-46.26,84.2,12.75
345,Mount Isa,2065594,40,AU,1580073047,100,-20.73,139.5,75.2,5.82
346,Cortland,5113792,90,US,1580073048,96,42.6,-76.08,39.0,6.93
347,Distrikt Brokopondo,3384481,75,SR,1580073049,89,4.75,-55.17,78.57,5.88
348,Upata,3625710,100,VE,1580073051,44,8.01,-62.4,85.32,3.15
349,Balgazyn,1510960,89,RU,1580073052,79,51.0,95.2,3.34,2.04
350,Antu,1278515,0,IN,1580073053,70,26.05,81.92,52.86,5.88
351,Cayenne,3382160,75,GF,1580073054,94,4.93,-52.33,77.0,4.7
352,Prince Rupert,6113406,90,CA,1580073055,86,54.32,-130.32,41.0,4.7
353,Aden,415189,32,YE,1580073052,69,12.78,45.04,78.35,7.9
354,Ulaangom,1515029,75,MN,1580073058,85,49.98,92.07,-4.54,4.5
355,Sao Joao da Barra,3448903,35,BR,1580073059,61,-21.64,-41.05,82.4,13.87
356,Gandai,1271734,0,IN,1580073060,43,21.67,81.1,61.48,2.71
357,Ixtapa,4004293,20,MX,1580072902,69,20.7,-105.2,80.01,9.17
358,Viedma,3832899,0,AR,1580073063,33,-40.81,-63.0,66.83,17.58
359,Lensk,2020838,100,RU,1580073064,90,60.73,114.93,11.91,12.46
360,Flinders,6255012,90,AU,1580073065,88,-34.58,150.86,73.99,4.7
361,Lethem,3379316,100,GY,1580073066,35,3.38,-59.8,95.77,12.17
362,Henties Bay,3356832,24,NA,1580073067,88,-22.12,14.28,64.0,4.0
363,Lodja,211647,94,CD,1580073069,62,-3.48,23.43,73.6,1.9
364,Altay,1529651,100,CN,1580073070,94,47.87,88.12,12.97,2.68
365,Kendari,1640344,73,ID,1580073071,97,-3.94,122.5,74.66,2.51
366,Hanna,5970234,100,CA,1580073072,93,51.63,-111.9,24.01,1.99
367,OEstersund,2685750,90,SE,1580072907,100,63.18,14.64,30.2,16.11
368,Bay Roberts,5895424,90,CA,1580073075,63,47.6,-53.26,30.0,5.82
369,Erzin,296852,2,TR,1580073076,80,36.96,36.2,55.4,5.82
370,Giddalur,1271213,14,IN,1580073077,79,15.35,78.92,67.41,0.69
371,Basoko,219414,17,CD,1580073079,35,1.24,23.62,73.78,1.43
372,Moose Factory,6078372,90,CA,1580073080,92,51.26,-80.61,24.8,9.17
373,Vardo,777019,20,NO,1580073081,67,70.37,31.11,19.4,35.57
374,Lorengau,2092164,75,PG,1580073082,80,-2.02,147.27,83.41,10.56
375,Lagoa,3372964,97,PT,1580072931,83,39.05,-27.98,62.33,14.54
376,Sakakah,102527,0,SA,1580072934,56,29.97,40.21,42.8,3.36
377,Kuhdasht,126409,0,IR,1580073086,69,33.53,47.61,31.95,1.34
378,Ulcinj,3188516,75,ME,1580073087,100,41.93,19.22,51.8,4.7
379,Nuuk,3421319,97,GL,1580073088,56,64.18,-51.72,12.2,10.29
380,Lukulu,909488,68,ZM,1580073089,85,-14.37,23.24,68.52,5.55
381,Mareeba,2158767,40,AU,1580073091,94,-17.0,145.43,79.0,3.36
382,Kikwit,2314705,100,CD,1580073093,63,-5.04,18.82,75.51,0.02
383,Bourail,2141714,82,NC,1580073094,69,-21.57,165.48,77.29,3.89
384,Krasnosel'kup,1502073,100,RU,1580073095,95,65.7,82.47,-0.24,9.35
385,Shingu,1847947,100,JP,1580073097,86,33.73,135.98,54.28,34.09
386,Quesnel,6115187,1,CA,1580073063,60,53.0,-122.5,42.8,20.8
387,Turukhansk,1488903,100,RU,1580073099,96,65.82,87.98,0.37,6.15
388,Vao,2137773,99,NC,1580072899,83,-22.67,167.48,77.68,12.97
389,Ozinki,513329,0,RU,1580073101,91,51.18,49.68,18.01,13.22
390,Puerto Escondido,3520994,5,MX,1580073103,66,15.85,-97.07,84.2,11.41
391,Changping,2038154,100,CN,1580073104,73,40.22,116.22,32.0,4.47
392,Thohoyandou,949224,0,ZA,1580073106,40,-22.95,30.48,78.51,2.75
393,Batagay-Alyta,2027042,0,RU,1580073107,44,67.8,130.41,-31.92,4.7
394,Mangai,2313084,69,CD,1580073108,58,-4.05,19.53,73.99,1.28
395,Ginda,1253628,0,IN,1580073109,43,30.69,78.49,38.48,4.23
396,Darhan,2031964,1,MN,1580073112,79,49.49,105.92,0.39,0.51
397,Codrington,2171099,100,AU,1580073113,80,-38.27,141.97,58.33,8.43
398,Manzhouli,2035836,73,CN,1580073114,100,49.6,117.43,-5.31,2.01
399,Tazovsky,1489853,74,RU,1580073115,97,67.47,78.7,-4.11,5.82
400,Ola,2122574,100,RU,1580073116,89,59.58,151.28,-3.37,14.67
401,Hofn,2630299,100,IS,1580073118,75,64.25,-15.21,37.94,28.25
402,Palmer,4946620,90,US,1580073119,56,42.16,-72.33,45.0,4.7
403,San Cristobal,3628473,75,VE,1580073121,69,7.77,-72.22,78.8,6.93
404,San Juan,3837213,0,AR,1580073122,21,-31.54,-68.54,97.95,13.33
405,Rozkishne,705104,0,UA,1580073123,91,48.5,37.59,29.48,7.56
406,Kushiro,2129376,0,JP,1580073124,80,42.98,144.37,17.31,5.53
407,Itupiranga,3397851,40,BR,1580073125,63,-5.13,-49.33,91.4,4.29
408,Reconquista,3429594,0,AR,1580073127,23,-29.15,-59.65,97.32,9.44
409,Severnyy,496358,75,RU,1580073128,69,50.68,36.55,33.8,13.42
410,Pangnirtung,6096551,5,CA,1580073129,60,66.15,-65.71,-27.4,3.36
411,Kuala Terengganu,1734705,40,MY,1580073130,88,5.33,103.14,78.8,0.47
412,Coruripe,3465329,42,BR,1580073003,81,-10.13,-36.18,81.16,18.19
413,Harper,2276492,38,LR,1580073134,90,4.38,-7.72,78.75,2.3
414,Robertsport,2274275,68,LR,1580073136,81,6.75,-11.37,81.1,14.2
415,Micheweni,153955,100,TZ,1580073138,85,-4.97,39.83,81.59,4.32
416,Gwadar,1177446,44,PK,1580073139,60,25.12,62.33,68.76,26.71
417,Aksu,1529660,97,CN,1580073140,67,41.12,80.26,23.38,1.57
418,Kiryat Gat,293842,0,IL,1580072890,81,31.61,34.76,50.0,4.7
419,Rio Grande,3451138,20,BR,1580073143,55,-32.03,-52.1,89.6,13.87
420,Oksfjord,778362,75,NO,1580073144,85,70.24,22.35,17.6,3.36
421,Udarnyy,826996,100,RU,1580073146,93,54.34,42.86,26.94,13.56
422,Gayeri,2360541,4,BF,1580073148,9,12.65,0.49,73.31,9.93
423,Tulun,2014927,100,RU,1580073149,96,54.56,100.58,18.23,1.97
424,Laerdalsoyri,3148569,75,NO,1580073151,74,61.1,7.48,37.4,23.04
425,Inhambane,1045114,12,MZ,1580073152,75,-23.86,35.38,80.6,14.54
426,Bubaque,2374583,100,GW,1580072894,59,11.28,-15.83,80.01,9.73
427,Nehe,2035610,96,CN,1580073155,99,48.48,124.83,-0.74,5.66
428,Gornopravdinsk,1506268,100,RU,1580073156,94,60.05,69.9,15.87,7.83
429,Alta Floresta,6316343,40,BR,1580072944,59,-9.88,-56.09,91.4,4.7
430,Puerto Gaitan,3769976,41,CO,1580073042,32,4.31,-72.08,96.71,9.35
431,Imeni Poliny Osipenko,2023584,0,RU,1580073160,97,52.42,136.49,-15.66,5.53
432,Bac Lieu,1591474,5,VN,1580073162,93,9.29,105.72,70.86,4.45
433,Korla,1529376,39,CN,1580072902,50,41.76,86.15,14.54,2.15
434,Ust-Nera,2120048,100,RU,1580073165,100,64.57,143.2,-36.78,2.95
435,Payo,1638775,100,ID,1580073166,97,-3.75,103.64,68.09,1.3
436,Sioux Lookout,6148373,90,CA,1580073167,85,50.1,-91.92,17.6,3.36
437,Nikolayevsk-on-Amure,2122850,0,RU,1580073169,89,53.14,140.73,-16.58,5.97
438,Porirua,2184397,100,NZ,1580072928,93,-41.13,174.85,66.2,27.51
439,Faanui,4034551,100,PF,1580073167,74,-16.48,-151.75,83.07,11.05
440,Zheleznodorozhnyy,463355,75,RU,1580073173,94,55.75,38.0,33.8,13.42
441,Saskylakh,2017155,100,RU,1580073174,97,71.92,114.08,-20.2,8.72
442,Srikakulam,1255647,0,IN,1580073113,93,18.3,83.9,67.6,2.71
443,Madimba,878141,100,TZ,1580073178,82,-10.4,40.33,80.94,7.34
444,Uaua,3385883,100,BR,1580073179,94,-9.84,-39.48,70.63,6.53
445,Orlik,1496073,0,RU,1580073180,67,52.52,99.83,-3.64,2.91
446,Senno,497024,66,RU,1580073182,91,59.53,33.92,26.01,1.99
447,Svobodnyy,2015833,100,RU,1580073183,99,51.4,128.13,-10.89,6.98
448,Tanhacu,3446971,100,BR,1580073184,96,-14.02,-41.25,71.1,0.45
449,Beni Suef,359173,70,EG,1580073185,52,29.07,31.1,48.45,8.3
450,Caravelas,3466980,87,BR,1580072941,83,-17.71,-39.25,79.59,17.31
451,Santa Maria Visitacion,3589247,40,GT,1580073188,46,14.72,-91.32,91.4,6.93
452,Key West,4160812,1,US,1580073048,49,24.56,-81.78,69.8,11.41
453,Vestmannaeyjar,3412093,100,IS,1580073191,59,63.44,-20.27,38.46,21.45
454,Kungurtug,1501377,100,RU,1580073192,77,50.6,97.52,7.92,1.19
455,Tuy Hoa,1563281,100,VN,1580073117,83,13.08,109.3,74.46,18.66
456,Kosa,544318,100,RU,1580073195,95,59.94,55.0,1.2,5.64
457,Mehamn,778707,75,NO,1580073196,57,71.04,27.85,23.0,24.16
458,Bud,4255151,40,US,1580073197,82,39.45,-86.18,45.0,9.17
459,Komsomolets,1522348,0,KZ,1580073198,88,53.75,62.07,11.03,10.07
460,Ullapool,2635199,16,GB,1580073199,76,57.9,-5.16,35.01,5.99
461,Stephenville Crossing,6156245,90,CA,1580073201,68,48.5,-58.43,28.4,12.75
462,Kyra,2021041,26,RU,1580073202,77,49.58,111.98,2.3,2.57
463,Savinka,498295,31,RU,1580073203,89,50.08,47.1,20.64,11.05
464,Kahului,5847411,20,US,1580072915,61,20.89,-156.47,78.8,9.17
465,Bani,3512067,75,DO,1580073205,69,18.28,-70.33,82.4,5.82
466,Belmonte,3470137,75,BR,1580073207,83,-15.86,-38.88,84.2,4.7
467,Kirakira,2178753,83,SB,1580073208,81,-10.45,161.92,81.12,4.7
468,Tyukalinsk,1488780,100,RU,1580073209,94,55.87,72.2,23.2,18.37
469,Solton,1491428,21,RU,1580073210,86,52.84,86.48,7.0,2.68
470,Kisangani,212730,33,CD,1580073213,41,0.52,25.2,73.74,1.74
471,Half Moon Bay,5354943,75,US,1580073214,93,37.46,-122.43,63.0,10.29
472,Bousso,2434584,0,TD,1580073215,12,10.48,16.71,70.11,6.64
473,Rochegda,501847,98,RU,1580073216,97,62.8,43.25,2.91,2.39
474,Ivanovka,1528252,90,KG,1580073218,85,42.89,75.08,19.4,2.24
475,Tiksi,2015306,0,RU,1580073219,73,71.69,128.87,-32.82,2.46
476,La Rioja,3336897,78,ES,1580073220,93,42.25,-2.5,39.2,4.7
477,Soresina,3166365,5,IT,1580073221,100,45.29,9.86,45.0,2.24
478,Nanakuli,5851349,75,US,1580073223,69,21.39,-158.15,80.6,8.05
479,Nerang,2155542,75,AU,1580073224,83,-27.98,153.33,82.0,4.7
480,Susangerd,137268,0,IR,1580073225,70,31.56,48.18,48.2,6.93
481,Brownsville,4676740,100,US,1580073226,51,25.9,-97.5,82.99,13.87
482,Muyezerskiy,524100,10,RU,1580073227,90,63.93,31.65,9.36,7.85
483,Coos Bay,5720495,75,US,1580073086,76,43.37,-124.22,57.99,17.22
484,Frontera,3980180,0,MX,1580073230,24,26.93,-101.45,79.83,4.34
485,Pocone,3453315,83,BR,1580073232,73,-16.26,-56.62,86.16,4.05
486,Matay,352628,99,EG,1580073049,41,28.42,30.78,48.7,6.62
487,Abaza,1512205,73,RU,1580073236,93,52.66,90.09,7.32,3.42
488,Broome,5110365,90,US,1580073237,74,42.25,-75.83,39.0,11.41
489,Mendi,2090990,81,PG,1580073238,97,-6.18,143.65,52.47,3.89
490,Walvis Bay,3359638,0,NA,1580073239,77,-22.96,14.51,64.4,5.82
491,Okahandja,3354898,1,NA,1580073241,13,-21.98,16.92,75.2,5.82
492,Ati,2436400,0,TD,1580073242,12,13.22,18.34,68.04,10.83
493,Shubarshi,608270,100,KZ,1580073243,92,48.59,57.19,23.99,19.15
494,Iwanai,2129868,100,JP,1580073244,80,42.97,140.51,24.31,6.71
495,Pandan,1695546,71,PH,1580073237,80,14.05,124.17,79.5,3.51
496,Manokwari,1636308,100,ID,1580073247,76,-0.87,134.08,73.74,3.74
497,Port Said,358619,49,EG,1580073248,71,31.26,32.28,57.2,2.24
498,Batagay,2027044,0,RU,1580073249,85,67.63,134.63,-44.01,1.72
499,Belyy Yar,1510377,67,RU,1580073250,85,53.6,91.39,10.4,2.24
500,Aljezur,2271968,0,PT,1580073251,87,37.32,-8.8,57.99,1.01
501,Concordia,3435261,75,AR,1580073253,46,-31.39,-58.02,91.4,16.11
502,Iquitos,3696183,75,PE,1580073254,100,-3.75,-73.25,42.8,4.7
503,La Ronge,6050066,90,CA,1580073165,92,55.1,-105.28,21.2,8.05
504,Oktyabrskoye,515805,42,RU,1580073256,76,43.06,44.74,26.06,3.09
505,Utiel,2510075,20,ES,1580073257,93,39.57,-1.2,51.01,4.7
506,Meridian,5600685,75,US,1580073136,100,43.61,-116.39,45.0,5.82
507,Jiran,1268893,0,IN,1580073260,47,24.32,74.88,59.94,6.55
508,Fare,4034496,5,PF,1580073261,75,-16.7,-151.02,82.94,11.03
509,Porbandar,1259395,0,IN,1580073263,79,21.64,69.61,72.03,13.96
510,Aban,1512218,97,RU,1580073265,88,56.67,96.06,8.73,7.74
511,Camana,3945985,100,PE,1580073266,73,-16.62,-72.71,72.43,10.96
512,Puerto Guzman,3792398,85,CO,1580073267,64,0.97,-76.59,83.08,1.48
513,Jackson,5733351,75,US,1580073173,62,42.42,-122.83,55.4,4.7
514,Cochrane,5924618,40,CA,1580073270,63,51.18,-114.47,37.0,5.82
515,Anuradhapura,1251081,82,LK,1580073271,93,8.36,80.42,66.9,3.29
516,Los Algarrobos,3705562,40,PA,1580073272,70,8.5,-82.43,86.0,8.05
517,Muros,3115824,75,ES,1580073273,87,42.78,-9.06,60.01,13.87
518,Hohhot,2036892,100,CN,1580073275,72,40.81,111.65,12.2,4.47
519,Udalguri,1253977,88,IN,1580073276,63,26.77,92.13,40.46,6.49
520,Buala,2109528,100,SB,1580073277,77,-8.14,159.59,81.34,4.97
521,Ayios Ioannis,146669,0,CY,1580073278,81,34.9,33.02,52.0,1.12
522,Calvinia,3369174,0,ZA,1580073279,38,-31.47,19.78,58.71,9.86
523,Sikandarpur,1256328,0,IN,1580073281,75,26.05,84.05,51.78,6.15
524,Srednekolymsk,2121025,100,RU,1580073282,95,67.45,153.68,-27.35,5.01
525,Tombouctou,2449066,100,ML,1580073283,10,20.0,-3.0,72.82,2.33
526,Trairi,3386177,100,BR,1580073207,90,-3.28,-39.27,77.7,3.98
527,Lincoln,5072006,1,US,1580073160,75,40.8,-96.67,44.6,5.28
528,Yuzhno-Kurilsk,2119447,100,RU,1580073288,76,44.03,145.86,24.62,20.42
529,Luhyny,702679,6,UA,1580073289,93,51.08,28.4,30.02,5.95
530,Ous,1495812,100,RU,1580073290,96,60.91,61.52,-3.03,6.82
531,Maromitsa,529051,97,RU,1580073291,98,59.87,48.01,-3.35,3.29
532,Nacala,1035025,36,MZ,1580073293,96,-14.54,40.67,74.03,2.26
533,Isangel,2136825,42,VU,1580073294,83,-19.55,169.27,78.71,13.44
534,Kampot,1831112,40,KH,1580073295,94,10.62,104.18,73.4,2.24
535,Marawi,1701054,85,PH,1580073296,93,8.0,124.29,75.0,5.01
536,Yaring,1604771,99,TH,1580073297,73,6.87,101.37,79.36,5.66
537,Rincon,4218882,20,US,1580073126,31,32.3,-81.24,62.01,8.05
538,Semey,1519422,62,KZ,1580073300,72,50.41,80.23,8.73,13.04
539,Castro-Urdiales,3125621,98,ES,1580073301,61,43.38,-3.22,55.0,3.36
540,Aswan,359792,0,EG,1580073302,55,24.09,32.91,53.38,11.36
541,Gubkinskiy,1539209,95,RU,1580073303,99,64.43,76.5,-4.95,9.55
542,Mayumba,2399001,100,GA,1580073305,79,-3.43,10.66,82.08,6.49
543,Safi,2537881,0,MA,1580073306,87,32.3,-9.24,52.23,9.69
544,Porto Velho,3662762,40,BR,1580073200,47,-8.76,-63.9,95.0,2.24
545,Ambon,1651531,100,ID,1580073308,76,-3.7,128.18,81.14,4.56
